id,doc_id,index,constituency,raw
1e433c4b-5685-4c62-9db8-7f50fdc85294,061ec673-d573-4981-b2ad-afe6adb79cbb,0,"(ROOT (sentence (S (conj (SCONJ Si)) (grup.verb (VERB haces)) (sn (spec (NUM 21)) (grup.nom (NOUN barras) (sp (prep (ADP de)) (sn (spec (DET cualquier)) (grup.nom (NOUN tipo)))))) (PUNCT ,)) (morfema.pronominal (PRON te)) (grup.verb (VERB llevas)) (sn (spec (DET un)) (grup.nom (NOUN antitranspirante))) (s.a (grup.a (ADJ rexona))) (PUNCT .)))","Si haces 21 barras de cualquier tipo, te llevas un antitranspirante rexona."
dc468ec5-b4d9-4009-9f8e-28b906c071aa,061ec673-d573-4981-b2ad-afe6adb79cbb,1,(ROOT (sentence (PUNCT ¿) (grup.verb (AUX Están)) (s.a (grup.a (ADJ listos))) (PUNCT ?))),¿Están listos?
1aabb2ca-2d7f-4d9d-977a-80cc80be0a0d,061ec673-d573-4981-b2ad-afe6adb79cbb,2,(ROOT (sentence (PUNCT ¡) (grup.verb (VERB Va) (PUNCT !)) (S (PUNCT ¿) (sn (grup.nom (PRON Cuál))) (grup.verb (AUX es)) (sn (spec (DET tu)) (grup.nom (NOUN nombre)))) (PUNCT ?))),¡Va! ¿Cuál es tu nombre?
10094d2a-5c3a-44dc-b2db-c37881a9b0d6,061ec673-d573-4981-b2ad-afe6adb79cbb,3,(ROOT (sentence (sn (grup.nom (PRON Me))) (grup.verb (VERB llamo)) (sn (grup.nom (PROPN Andy))) (PUNCT .))),Me llamo Andy.
6ae86c4e-b057-453a-b056-1776db08ef02,061ec673-d573-4981-b2ad-afe6adb79cbb,4,"(ROOT (sentence (interjeccio (INTJ Ande)) (PUNCT ,) (grup.adv (INTJ Ande)) (PUNCT .)))","Ande, Ande."
a52875c4-4c87-4a0e-af01-6ee3c547eb10,061ec673-d573-4981-b2ad-afe6adb79cbb,5,(ROOT (sentence (sn (grup.nom (PROPN Miguel))) (PUNCT .))),Miguel.
0c3d1388-e639-4b9e-96ff-a5ad9fa3a716,061ec673-d573-4981-b2ad-afe6adb79cbb,6,(ROOT (sentence (PUNCT ¿) (sn (grup.nom (PRON Tú))) (grup.verb (VERB crees)) (S (conj (SCONJ que)) (sn (grup.nom (PRON te))) (grup.verb (AUX puedes) (infinitiu (VERB hacer))) (sn (spec (NUM 21)) (grup.nom (NOUN barritas)))) (PUNCT ?))),¿Tú crees que te puedes hacer 21 barritas?
6a1e060d-9aff-4dfe-a67c-73c36911360f,061ec673-d573-4981-b2ad-afe6adb79cbb,7,(ROOT (sentence (sadv (grup.adv (INTJ Sí))) (PUNCT .))),Sí.
ff308f67-bc3d-445c-aa74-1e961a2ab3e1,061ec673-d573-4981-b2ad-afe6adb79cbb,8,(ROOT (sentence (conj (CCONJ Y)) (morfema.pronominal (PRON te)) (grup.verb (VERB llevas)) (sn (grup.nom (PRON uno) (sp (prep (ADP de)) (sn (spec (DET nuestros)) (grup.nom (NOUN rexona)))))) (PUNCT .))),Y te llevas uno de nuestros rexona.
1eb9ea34-e393-4f49-b133-27200f083548,061ec673-d573-4981-b2ad-afe6adb79cbb,9,(ROOT (sentence (PUNCT ¡) (interjeccio (INTJ Guau)) (PUNCT !) (sn (grup.nom (NUM 13))) (PUNCT .))),¡Guau! 13.
1f999f9d-0d31-4c08-bddd-425fd9aa3587,061ec673-d573-4981-b2ad-afe6adb79cbb,10,(ROOT (sentence (PUNCT ¡) (conj (sp (prep (ADP A)) (S (infinitiu (VERB ver))))) (PUNCT !) (PUNCT ¡) (NUM 21) (PUNCT !) (PUNCT ¡) (INTJ Bien) (PUNCT !))),¡A ver! ¡21! ¡Bien!
3021c351-42c8-410a-94c4-834faa172ef8,061ec673-d573-4981-b2ad-afe6adb79cbb,11,(ROOT (sentence (PUNCT ¡) (sn (grup.nom (PRON Lo))) (grup.verb (AUX has) (VERB hecho)) (s.a (grup.a (ADJ rápido))) (PUNCT !))),¡Lo has hecho rápido!
a52522c9-b6d4-4914-a076-8b7c8a3ea3a3,061ec673-d573-4981-b2ad-afe6adb79cbb,12,(ROOT (sentence (sadv (grup.adv (ADV Aquí))) (grup.verb (VERB tienes)) (sn (spec (DET tu)) (grup.nom (NOUN rexona) (NOUN forest))) (PUNCT .))),Aquí tienes tu rexona forest.
236efd1e-a77f-4dc0-b911-000a2f41fc71,061ec673-d573-4981-b2ad-afe6adb79cbb,13,(ROOT (sentence (sadv (grup.adv (ADV Aquí))) (grup.verb (VERB está)) (sn (spec (DET tu)) (grup.nom (NOUN premio))) (S (conj (SCONJ porque)) (grup.verb (VERB rexona)) (sn (grup.nom (PRON te))) (grup.verb (VERB sigue) (gerundi (VERB protegiendo))) (S (conj (SCONJ cuando)) (sn (grup.nom (PRON otros))) (sn (grup.nom (PRON te))) (grup.verb (VERB abandonan)))) (PUNCT .))),Aquí está tu premio porque rexona te sigue protegiendo cuando otros te abandonan.
15dfd572-8fe1-4589-a757-1adc22057f64,d9d599db-d99a-4fba-8950-59dcc2ee7895,0,(ROOT (sentence (grup.verb (VERB Hay)) (sn (grup.nom (NOUN contaminación))) (sp (prep (ADP en)) (sn (spec (DET todo)) (grup.nom (NOUN lugar)))) (PUNCT .))),Hay contaminación en todo lugar.
16365dc9-42cf-4c7c-b62c-d094193106c0,d9d599db-d99a-4fba-8950-59dcc2ee7895,1,(ROOT (sentence (sn (grup.nom (PRON Me))) (grup.verb (VERB duele)) (S (conj (SCONJ que)) (sn (grup.nom (PRON me))) (grup.verb (VERB mareo)) (sn (spec (DET mi)) (grup.nom (NOUN cabeza)))) (PUNCT .))),Me duele que me mareo mi cabeza.
77001a45-c3c6-4d70-9773-b86d99f5e507,ced1c633-3d4d-4b9c-8fb0-5b2825892dd5,0,(ROOT (sentence (sn (spec (NUM Tres)) (grup.nom (NOUN cosas) (S (relatiu (PRON que)) (neg (ADV no)) (grup.verb (VERB sabias)) (sp (prep (ADP de)) (sn (spec (DET el)) (grup.nom (NOUN patinaje))))))) (PUNCT .))),Tres cosas que no sabias del patinaje.
e836ca48-330a-4ce0-991e-2e2e3fc208c6,ced1c633-3d4d-4b9c-8fb0-5b2825892dd5,1,(ROOT (sentence (sn (grup.nom (NUM 1))) (sn (grup.nom (PRON Te))) (grup.verb (VERB mantiene)) (sp (prep (ADP en)) (sn (grup.nom (NOUN forma)))) (PUNCT .))),1 Te mantiene en forma.
ef9edb8d-9b3b-40fa-8beb-9541cd8a8857,ced1c633-3d4d-4b9c-8fb0-5b2825892dd5,2,(ROOT (sentence (grup.verb (AUX Puedes) (infinitiu (VERB quemar))) (sn (sadv (grup.adv (ADP hasta))) (sn (spec (NUM 300)) (grup.nom (NOUN calorías) (sadv (grup.adv (ADJ solo) (sp (prep (ADP con)) (sn (spec (NUM 30)) (grup.nom (NOUN minutos) (sp (prep (ADP de)) (sn (grup.nom (NOUN patinaje)))))))))))) (PUNCT .))),Puedes quemar hasta 300 calorías solo con 30 minutos de patinaje.
1e74a106-de16-4809-af32-0bcbf9c363b8,ced1c633-3d4d-4b9c-8fb0-5b2825892dd5,3,(ROOT (sentence (sn (spec (NUM 2)) (grup.nom (NOUN Fortalecimiento) (s.a (grup.a (ADJ muscular))))) (sn (spec (DET El)) (grup.nom (NOUN patinaje))) (grup.verb (VERB implica)) (sn (spec (DET todos) (DET los)) (grup.nom (NOUN músculos) (sp (prep (ADP de)) (sn (spec (DET el)) (grup.nom (NOUN cuerpo)))) (sn (sadv (grup.adv (ADV especialmente))) (sn (grup.nom (grup.nom (NOUN piernas)) (conj (CCONJ y)) (grup.nom (NOUN gluteos))))))) (PUNCT .))),2 Fortalecimiento muscular El patinaje implica todos los músculos del cuerpo especialmente piernas y gluteos.
7c92e2ea-ca63-4610-a1f3-33610158b5db,ced1c633-3d4d-4b9c-8fb0-5b2825892dd5,4,(ROOT (sentence (grup.adv (NUM 3)) (grup.verb (VERB Favorece)) (sn (spec (DET la)) (grup.nom (NOUN salud) (s.a (grup.a (ADJ mental))))) (PUNCT .))),3 Favorece la salud mental.
824320a3-2a22-46b5-9cab-de3cb4d4c5c2,ced1c633-3d4d-4b9c-8fb0-5b2825892dd5,5,"(ROOT (sentence (grup.verb (NOUN Ayuda)) (sn (sn (spec (DET la)) (grup.nom (NOUN liberación) (sp (prep (ADP de)) (sn (grup.nom (NOUN endorfinas)))))) (PUNCT ,) (sn (grup.nom (NOUN sustancias) (S (relatiu (PRON que)) (grup.verb (VERB producen)) (sn (sn (spec (DET la)) (grup.nom (NOUN felicidad))) (conj (CCONJ e)) (sn (grup.nom (NOUN euforia)))))))) (S (PUNCT ¿) (sadv (grup.adv (ADV Acaso))) (sn (spec (DET alguna)) (grup.nom (NOUN vez))) (grup.verb (VERB viste)) (sn (spec (DET un)) (grup.nom (NOUN patinador) (s.a (grup.a (ADJ triste))))) (PUNCT ?))))","Ayuda la liberación de endorfinas, sustancias que producen la felicidad e euforia ¿Acaso alguna vez viste un patinador triste?"
d26914ef-dfc9-49c8-808c-70637e14a8b7,6668a727-2428-4cc7-92a2-bb9a77554447,0,(ROOT (sentence (PUNCT ¿) (morfema.pronominal (PRON Se)) (grup.verb (VERB imaginan)) (sn (spec (DET un)) (grup.nom (NOUN restaurante) (S (relatiu (PRON que)) (neg (ADV no)) (grup.verb (VERB tenga)) (sn (grup.nom (NOUN carta)))))) (PUNCT ?))),¿Se imaginan un restaurante que no tenga carta?
2b491967-98f1-4a42-80ac-f6da6c7d7bc4,6668a727-2428-4cc7-92a2-bb9a77554447,1,(ROOT (sentence (sadv (grup.adv (ADV Aquí))) (sn (grup.nom (PRON les))) (grup.verb (VERB contamos)) (sn (grup.nom (PRON todo))) (sp (prep (ADP sobre)) (sn (grup.nom (PROPN Piedra)))) (PUNCT .))),Aquí les contamos todo sobre Piedra.
6050eb37-0170-4566-9aa5-627788de68a4,6668a727-2428-4cc7-92a2-bb9a77554447,2,"(ROOT (sentence (sn (grup.nom (S (participi (ADJ Ubicado)) (sp (prep (ADP en)) (sn (grup.nom (PROPN Surquillo)))) (PUNCT ,)) (PROPN Piedra))) (grup.verb (VERB tiene)) (sn (spec (DET una)) (grup.nom (NOUN propuesta) (sp (prep (ADP de)) (sn (grup.nom (NOUN cocina) (s.a (grup.a (ADJ libre)))))) (S (relatiu (ADV donde)) (sn (spec (DET los)) (grup.nom (NOUN platos))) (grup.verb (VERB van) (gerundi (VERB variando))) (sn (spec (DET todos) (DET los)) (grup.nom (NOUN días)))))) (PUNCT .)))","Ubicado en Surquillo, Piedra tiene una propuesta de cocina libre donde los platos van variando todos los días."
3cbae675-909d-4a02-ab84-bd8ef88913f4,6668a727-2428-4cc7-92a2-bb9a77554447,3,(ROOT (sentence (sadv (grup.adv (ADV Así))) (sp (prep (ADP a)) (sn (spec (DET el)) (grup.nom (S (infinitiu (VERB llegar)))))) (morfema.pronominal (PRON te)) (grup.verb (VERB vas) (gerundi (VERB enterando))) (S (sp (prep (ADP de)) (sn (grup.nom (PRON qué)))) (grup.verb (VERB vas) (ADP a) (infinitiu (VERB comer)))) (S (conj (SCONJ mientras)) (sn (grup.nom (PRON te))) (sn (grup.nom (PRON lo))) (grup.verb (VERB van) (gerundi (VERB trayendo))) (sp (prep (ADP a)) (sn (spec (DET la)) (grup.nom (NOUN mesa))))) (PUNCT .))),Así al llegar te vas enterando de qué vas a comer mientras te lo van trayendo a la mesa.
dd8fbee2-c94e-4a91-8450-b281a39c05a7,6668a727-2428-4cc7-92a2-bb9a77554447,4,(ROOT (sentence (conj (CCONJ Y)) (sadv (grup.adv (ADV aquí))) (sn (grup.nom (PRON les))) (grup.verb (VERB contamos)) (sn (spec (DET los)) (grup.nom (NOUN platos) (S (relatiu (PRON que)) (sn (grup.nom (PRON nos))) (grup.verb (VERB tocaron))))) (PUNCT .))),Y aquí les contamos los platos que nos tocaron.
8750fe76-edb7-4a28-81b1-7c2668f0552a,6668a727-2428-4cc7-92a2-bb9a77554447,5,(ROOT (sentence (sp (prep (ADP En)) (sn (spec (DET nuestra)) (grup.nom (NOUN visita)))) (grup.verb (VERB comenzamos)) (sp (prep (ADP con)) (sn (spec (DET estos)) (grup.nom (NOUN conitos) (s.a (participi (ADJ rellenos) (sp (sp (prep (ADP de)) (sn (grup.nom (NOUN tartar) (sp (prep (ADP de)) (sn (grup.nom (NOUN atún))))))) (conj (CCONJ y)) (sp (prep (ADP con)) (sn (grup.nom (NOUN pulpa) (sp (prep (ADP de)) (sn (grup.nom (NOUN cangrejo))))))))))))) (PUNCT .))),En nuestra visita comenzamos con estos conitos rellenos de tartar de atún y con pulpa de cangrejo.
23827500-ff96-41e6-9cdf-09df97684456,6668a727-2428-4cc7-92a2-bb9a77554447,6,(ROOT (sentence (sn (grup.nom (PRON Nos))) (grup.verb (VERB trajeron)) (sadv (grup.adv (ADV también))) (sn (spec (DET este)) (grup.nom (NOUN tiradito) (sp (prep (ADP de)) (sn (grup.nom (NOUN charela)))))) (sp (prep (ADP con)) (sn (grup.nom (grup.nom (NOUN láminas) (sp (prep (ADP de)) (sn (grup.nom (NOUN palta))))) (conj (CCONJ y)) (grup.nom (NOUN leche) (sp (prep (ADP de)) (sn (grup.nom (NOUN tigre)))) (S (relatiu (PRON que)) (grup.verb (AUX estaba)) (s.a (grup.a (ADJ buenazo)))))))) (PUNCT .))),Nos trajeron también este tiradito de charela con láminas de palta y leche de tigre que estaba buenazo.
be34ff9a-ff47-4b52-b6b2-4aaf882f575f,6668a727-2428-4cc7-92a2-bb9a77554447,7,(ROOT (sentence (conj (CCONJ Y)) (sn (spec (DET este)) (grup.nom (NOUN erizo) (sp (prep (ADP con)) (sn (grup.nom (NOUN leche) (sp (prep (ADP de)) (sn (grup.nom (NOUN tigre) (sp (prep (ADP de)) (sn (grup.nom (NOUN tumbo))))))) (S (relatiu (PRON que)) (sn (spec (DET la)) (grup.nom (NOUN verdad))) (sn (grup.nom (PRON nos))) (grup.verb (VERB sorprendió)) (sn (spec (DET un)) (grup.nom (NOUN montón))))))))) (PUNCT .))),Y este erizo con leche de tigre de tumbo que la verdad nos sorprendió un montón.
6af0e7fb-fa9c-4c9c-b093-0c3a494df5c6,6668a727-2428-4cc7-92a2-bb9a77554447,8,(ROOT (sentence (sadv (grup.adv (ADV También))) (sn (grup.nom (PRON nos))) (grup.verb (VERB tocó)) (sn (spec (DET este)) (grup.nom (NOUN sashimi) (sp (prep (ADP de)) (sn (grup.nom (NOUN trucha)))) (S (relatiu (PRON que)) (grup.verb (AUX es)) (sn (sn (grup.nom (NOUN mitad) (s.a (grup.a (ADJ cocido))))) (conj (CCONJ y)) (sn (grup.nom (NOUN mitad)) (grup.nom (NOUN crudo))))))) (PUNCT .))),También nos tocó este sashimi de trucha que es mitad cocido y mitad crudo.
704530b9-56c0-4e62-847d-751d53e9b703,6668a727-2428-4cc7-92a2-bb9a77554447,9,(ROOT (sentence (conj (CCONJ Y)) (sn (spec (DET este)) (grup.nom (NOUN ceviche) (sp (prep (ADP con)) (sn (grup.nom (grup.nom (NOUN pulpo)) (conj (CCONJ y)) (grup.nom (NOUN chicharrón) (sp (prep (ADP de)) (sn (grup.nom (NOUN calamar)))))))))) (PUNCT .))),Y este ceviche con pulpo y chicharrón de calamar.
e0f079af-b6f2-42d7-895d-98a9ab96845d,6668a727-2428-4cc7-92a2-bb9a77554447,10,(ROOT (sentence (sn (grup.nom (PRON Nos))) (grup.verb (VERB sirvieron)) (sadv (grup.adv (ADV también))) (sn (spec (DET este)) (grup.nom (NOUN pulpo))) (sp (prep (ADP a)) (sn (spec (DET el)) (grup.nom (NOUN wok)))) (sp (prep (ADP con)) (sn (spec (DET un)) (grup.nom (NOUN majado) (sp (prep (ADP de)) (sn (grup.nom (NOUN yuca)))) (S (relatiu (PRON que)) (grup.verb (AUX estuvo)) (s.a (spec (ADV muy)) (grup.a (ADJ rico))))))) (PUNCT .))),Nos sirvieron también este pulpo al wok con un majado de yuca que estuvo muy rico.
079b6aac-9310-4cd2-99ec-cc14f17bf438,6668a727-2428-4cc7-92a2-bb9a77554447,11,(ROOT (sentence (conj (CCONJ Y)) (sp (prep (SCONJ como)) (sn (grup.nom (s.a (grup.a (ADJ último))) (NOUN plato)))) (grup.verb (VERB tuvimos)) (sn (spec (DET este)) (grup.nom (s.a (grup.a (ADJ bonito))) (NOUN iponzu) (sp (prep (ADP de)) (sn (grup.nom (grup.nom (NOUN mandarina)) (conj (CCONJ y)) (grup.nom (NOUN maracuyá))))))) (PUNCT .))),Y como último plato tuvimos este bonito iponzu de mandarina y maracuyá.
6188f637-07e2-4aa6-8466-b527fdb76e75,6668a727-2428-4cc7-92a2-bb9a77554447,12,"(ROOT (sentence (grup.verb (AUX Estuvo)) (s.a (s.a (spec (ADV súper)) (grup.a (ADJ refrescante))) (PUNCT ,) (s.a (grup.a (ADJ perfecto) (sp (prep (ADP para)) (sn (spec (DET este)) (grup.nom (NOUN calor))))))) (PUNCT .)))","Estuvo súper refrescante, perfecto para este calor."
73cff2c8-d7a0-4959-853d-4e072663d94b,6668a727-2428-4cc7-92a2-bb9a77554447,13,(ROOT (sentence (sn (grup.nom (PRON Nosotros))) (morfema.pronominal (PRON nos)) (grup.verb (VERB animamos)) (sp (prep (ADP por)) (sn (spec (DET un)) (grup.nom (NOUN postre)))) (sp (prep (ADP para)) (S (infinitiu (VERB cerrar)) (sn (spec (DET la)) (grup.nom (NOUN experiencia) (S (relatiu (PRON que)) (grup.verb (AUX fue)) (sn (spec (DET este)) (grup.nom (NOUN amelcochado) (sp (prep (ADP de)) (sn (grup.nom (NOUN chirimoya))))))))))) (PUNCT .))),Nosotros nos animamos por un postre para cerrar la experiencia que fue este amelcochado de chirimoya.
37d97ae3-3d5a-4840-a9db-f81446f5ddd3,6668a727-2428-4cc7-92a2-bb9a77554447,14,(ROOT (sentence (conj (CCONJ Y)) (sn (spec (DET la)) (grup.nom (NOUN verdad))) (grup.verb (AUX es)) (S (conj (SCONJ que)) (sn (grup.nom (PRON nos))) (grup.verb (VERB encantó)) (sn (spec (DET el)) (grup.nom (NOUN concepto) (sp (prep (ADP de)) (sn (spec (DET el)) (grup.nom (NOUN lugar))))))) (PUNCT .))),Y la verdad es que nos encantó el concepto del lugar.
6ffe952d-66b3-4d4d-917a-0495aaf1d212,6668a727-2428-4cc7-92a2-bb9a77554447,15,(ROOT (sentence (S (conj (SCONJ Como)) (grup.verb (AUX son)) (sn (spec (DET varios)) (grup.nom (NOUN platos) (S (relatiu (PRON que)) (sp (prep (ADP de)) (S (infinitiu (VERB gustar)))) (sn (grup.nom (PRON les))) (grup.verb (VERB recomendamos)) (S (infinitiu (VERB venir)) (sp (prep (ADP en)) (sn (grup.nom (NOUN grupo))))))))) (PUNCT .))),Como son varios platos que de gustar les recomendamos venir en grupo.
4b7c6f95-0a7b-4cc4-b58e-5040c43f4d9e,6668a727-2428-4cc7-92a2-bb9a77554447,16,(ROOT (sentence (conj (CCONJ Pero)) (sadv (grup.adv (sp (prep (ADP sin)) (sn (grup.nom (NOUN lugar) (sp (prep (ADP a)) (sn (grup.nom (NOUN dudas))))))))) (sn (spec (DET un)) (grup.nom (s.a (grup.a (ADJ excelente))) (NOUN plan))) (S (conj (SCONJ si)) (sn (spec (DET su)) (grup.nom (NOUN bolsillo))) (sadv (grup.adv (ADV hoy))) (grup.verb (VERB está)) (sadv (grup.adv (sp (prep (ADP a)) (sn (grup.nom (NOUN modo) (s.a (grup.a (ADJ pudiente))))))))) (PUNCT .))),Pero sin lugar a dudas un excelente plan si su bolsillo hoy está a modo pudiente.
8a8ea5d7-7ced-441d-a556-1b6d6e33c96c,6668a727-2428-4cc7-92a2-bb9a77554447,17,(ROOT (sentence (conj (grup.cs (ADV Así) (SCONJ que))) (neg (ADV no)) (sn (grup.nom (PRON se))) (sn (grup.nom (PRON lo))) (grup.verb (AUX pueden) (infinitiu (VERB perder))) (PUNCT .))),Así que no  se lo pueden perder.
2b7a699a-eb54-4c59-bb03-78d15e53dbdf,894da51d-c24c-4db1-9a91-b54a2b0ba8dc,0,"(ROOT (sentence (S (sn (grup.nom (PRON Te))) (grup.verb (VERB tengo)) (sn (spec (DET un)) (grup.nom (NOUN datazo)))) (PUNCT ,) (S (S (conj (SCONJ si)) (grup.verb (AUX estás) (gerundi (VERB buscando))) (sn (grup.nom (NOUN vestidos) (s.a (grup.a (ADJ frescos))))) (sp (prep (SCONJ como)) (sn (grup.nom (PRON este)))) (sp (prep (ADP para)) (sn (spec (DET este)) (grup.nom (NOUN verano))))) (grup.verb (VERB sigue) (gerundi (VERB viendo))) (sn (spec (DET este)) (grup.nom (NOUN video)))) (PUNCT .)))","Te tengo un datazo, si estás buscando vestidos frescos como este para este verano sigue viendo este video."
5b195870-8f1f-405e-a13b-38475e4c460d,894da51d-c24c-4db1-9a91-b54a2b0ba8dc,1,(ROOT (sentence (grup.verb (VERB Acabo) (ADP de) (infinitiu (VERB descubrir))) (sn (spec (DET esta)) (grup.nom (NOUN tienda) (S (participi (ADJ ubicada)) (sp (prep (ADP en)) (sn (grup.nom (PROPN Miguel) (PROPN Dazzo))))) (S (relatiu (PRON que)) (grup.verb (VERB trae)) (sn (grup.nom (NOUN vestidos))) (sp (prep (ADP desde)) (sn (grup.nom (PROPN Italia))))))) (PUNCT .))),Acabo de descubrir esta tienda ubicada en Miguel Dazzo que trae vestidos desde Italia.
b0608083-7abb-450f-94e6-38269b5c9f04,894da51d-c24c-4db1-9a91-b54a2b0ba8dc,2,"(ROOT (sentence (S (S (grup.verb (VERB Miren)) (sn (spec (DET qué)) (grup.nom (NOUN preciosos) (s.a (grup.a (ADJ sueltos)))))) (conj (CCONJ y)) (S (sp (prep (ADP para)) (sn (spec (DET este)) (grup.nom (NOUN calor) (S (relatiu (PRON que)) (grup.verb (AUX está)) (s.a (grup.a (ADJ terrible))))))))) (PUNCT ,) (S (sadv (grup.adv (ADV realmente))) (grup.verb (VERB amé))) (PUNCT .)))","Miren qué preciosos sueltos y para este calor que está terrible, realmente amé."
6249f96a-1b74-4273-b7da-63e6ed96d0fb,894da51d-c24c-4db1-9a91-b54a2b0ba8dc,3,"(ROOT (S (S (sadv (grup.adv (ADV También))) (grup.verb (VERB tenían)) (sn (spec (DET estos)) (grup.nom (NOUN enterizos) (s.a (s.a (grup.a (ADJ súper))) (s.a (grup.a (ADJ sueltitos))))))) (conj (CCONJ y)) (S (S (grup.verb (AUX son)) (sn (spec (DET la)) (grup.nom (s.a (grup.a (ADJ perfecta))) (NOUN opción))) (sp (prep (ADP para)) (S (conj (SCONJ cuando)) (neg (ADV no)) (grup.verb (VERB sabes)) (S (sn (grup.nom (PRON qué))) (S (infinitiu (VERB poner)) (morfema.pronominal (PRON te))))))) (PUNCT ,) (S (grup.verb (VERB quieres)) (S (infinitiu (VERB vestir)) (morfema.pronominal (PRON te)) (sadv (grup.adv (ADV bien)))))) (PUNCT .)))","También tenían estos enterizos súper sueltitos y son la perfecta opción para cuando no sabes qué ponerte, quieres vestirte bien."
cbac2cb3-4017-4dae-ac87-749db6d74418,894da51d-c24c-4db1-9a91-b54a2b0ba8dc,4,(ROOT (sentence (grup.verb (VERB Encontré)) (sn (spec (DET una)) (grup.nom (NOUN variedad) (s.a (grup.a (ADJ increíble))) (sp (prep (ADP desde)) (sn (grup.nom (NOUN vestidos) (s.a (grup.a (ADJ elegantes)))))))) (sp (prep (ADP hasta)) (sn (grup.nom (NOUN vestidos) (s.a (spec (ADV súper)) (grup.a (ADJ casuales)))))) (PUNCT .))),Encontré una variedad increíble desde vestidos elegantes hasta vestidos súper casuales.
81348c9c-2266-4993-82fa-42b9f4a46b55,894da51d-c24c-4db1-9a91-b54a2b0ba8dc,5,"(ROOT (sentence (interjeccio (VERB Miren)) (sn (grup.nom (PRON este))) (S (S (sn (spec (DET qué)) (grup.nom (ADJ hermoso))) (sp (prep (ADP con)) (sn (spec (DET la)) (grup.nom (NOUN espalda))))) (PUNCT ,) (grup.nom (NOUN calata))) (PUNCT .)))","Miren este qué hermoso con la espalda, calata."
47b4e6d6-9aa4-49d8-9f3e-6f9ef2453bf5,894da51d-c24c-4db1-9a91-b54a2b0ba8dc,6,(ROOT (sentence (conj (CCONJ Y)) (sadv (grup.adv (ADV también))) (sn (grup.nom (NOUN vestiditos) (sp (prep (ADP de)) (sn (grup.nom (NOUN lino)))))) (PUNCT .))),Y también vestiditos de lino.
75bb16f1-3308-4361-ba3a-429ede05bc11,894da51d-c24c-4db1-9a91-b54a2b0ba8dc,7,"(ROOT (sentence (sn (grup.nom (PRON Me))) (grup.verb (VERB encantó)) (S (conj (SCONJ porque)) (grup.verb (AUX habían) (VERB vestidos)) (sp (prep (ADP para)) (sn (spec (DET todo)) (grup.nom (NOUN tipo) (sp (prep (ADP de)) (sn (grup.nom (NOUN gusto) (sp (sp (prep (ADP desde)) (sn (grup.nom (NOUN vestidos) (s.a (grup.a (ADJ coloridos)))))) (PUNCT ,) (S (participi (ADJ vestidos)) (s.a (grup.a (ADJ neutrales))) (sp (prep (ADP con)) (sn (spec (DET diferentes)) (grup.nom (NOUN prints))))) (conj (CCONJ y)) (s.a (spec (ADJ súper)) (grup.a (ADJ clásicos)))))))))) (sadv (grup.adv (ADV también)))) (PUNCT .)))","Me encantó porque habían vestidos para todo tipo de gusto desde vestidos coloridos, vestidos neutrales con diferentes prints y súper clásicos también."
5794f3a1-b281-465f-9c15-3dc712b8ad44,894da51d-c24c-4db1-9a91-b54a2b0ba8dc,8,"(ROOT (sentence (S (sn (grup.nom (PRON Yo))) (grup.verb (VERB fui)) (sadv (grup.adv (ADV exclusivamente))) (sp (prep (grup.prep (prep (ADP en)) (sn (grup.nom (NOUN busca))) (prep (ADP de)))) (sn (grup.nom (NOUN vestidos))))) (conj (CCONJ pero)) (S (grup.verb (VERB tenían)) (sn (spec (DET otro)) (grup.nom (NOUN tipo) (sp (prep (ADP de)) (sn (grup.nom (NOUN prendas) (sp (prep (SCONJ como)) (sn (sn (grup.nom (NOUN falditas))) (PUNCT ,) (sn (grup.nom (NOUN tops))) (conj (CCONJ y)) (sn (grup.nom (PRON demás))))))))))) (PUNCT .)))","Yo fui exclusivamente en busca de vestidos pero tenían otro tipo de prendas como falditas, tops y demás."
c3899cdc-36c4-458d-a635-6817c00d2b69,894da51d-c24c-4db1-9a91-b54a2b0ba8dc,9,(ROOT (sentence (sn (grup.nom (PRON Te))) (grup.verb (VERB dejo)) (sn (spec (DET la)) (grup.nom (NOUN dirección))) (sp (prep (ADP por)) (S (conj (SCONJ si)) (grup.verb (VERB necesitabas)) (sn (spec (DET este)) (grup.nom (NOUN dato))))) (PUNCT .))),Te dejo la dirección por si necesitabas este dato.
3b164244-9e14-4235-8860-84a40dd51a79,ed9ca5c7-ab34-4c5f-ae00-1388b3be9e9f,0,(ROOT (sentence (PUNCT ¿) (sn (grup.nom (PRON Quién))) (grup.verb (VERB va) (ADP a) (infinitiu (AUX querer) (infinitiu (VERB quedar)) (morfema.pronominal (PRON se)))) (sadv (grup.adv (ADV acá))) (sp (prep (ADP a)) (S (infinitiu (VERB perjudicar)) (morfema.pronominal (PRON se)))) (PUNCT ?))),¿Quién va a querer quedarse acá a perjudicarse?
7cea60dc-f66b-4c13-ad66-ad65da7c3cee,ed9ca5c7-ab34-4c5f-ae00-1388b3be9e9f,1,"(ROOT (sentence (S (sadv (grup.adv (ADV Quizás))) (sadv (grup.adv (ADV más) (ADV antes))) (neg (ADV no)) (morfema.pronominal (PRON nos)) (grup.verb (AUX hemos) (VERB dado) (NOUN cuenta)) (PUNCT ,)) (conj (CCONJ pero)) (S (sadv (grup.adv (ADV ahora))) (sadv (grup.adv (ADV ya))) (grup.adv (SCONJ pues))) (PUNCT ...)))","Quizás más antes no nos hemos dado cuenta, pero ahora ya pues..."
86a5d978-8a93-4d34-aad5-bf2460b375e4,ed9ca5c7-ab34-4c5f-ae00-1388b3be9e9f,2,"(ROOT (sentence (sn (grup.nom (PRON Nosotros) (S (relatiu (PRON que)) (grup.verb (AUX estamos)) (sadv (spec (ADV más)) (grup.adv (ADV cerca))))) (PUNCT ,)) (grup.verb (AUX estamos)) (S (sadv (grup.adv (ADV más))) (participi (ADJ perjudicados))) (PUNCT .)))","Nosotros que estamos más cerca, estamos más perjudicados."
2578e48f-9eb1-4a95-9ca6-a9b23cc14847,ed9ca5c7-ab34-4c5f-ae00-1388b3be9e9f,3,"(ROOT (sentence (S (sn (grup.nom (PRON Todos))) (sn (grup.nom (PRON nos))) (grup.verb (AUX han) (VERB acorralado)) (sp (prep (ADP con)) (sn (spec (DET su)) (grup.nom (NOUN desmonte))))) (PUNCT ,) (S (sn (spec (DET todo)) (grup.nom (PRON ese))) (grup.verb (AUX era)) (s.a (grup.a (ADJ libre)))) (PUNCT .)))","Todos nos han acorralado con su desmonte, todo ese era libre."
91db68ef-a0b5-4435-803a-2392dbf580ed,ab5e4980-b43f-41db-a86e-cea9efcb748a,0,(ROOT (sentence (sn (spec (DET El)) (grup.nom (PROPN Ministerio) (sp (prep (ADP de)) (sn (grup.nom (PROPN Salud)))))) (neg (ADV no)) (grup.verb (VERB tiene)) (sn (spec (DET sus)) (grup.nom (NOUN instrumentos) (sp (prep (ADP de)) (S (sadv (grup.adv (PRON cómo))) (grup.verb (VERB va) (ADP a) (infinitiu (VERB salir))) (sadv (grup.adv (ADV adelante))) (sp (prep (grup.prep (prep (ADP en)) (sn (grup.nom (NOUN base))) (prep (ADP a)))) (sn (spec (DET una)) (grup.nom (NOUN persona) (S (relatiu (PRON que)) (grup.verb (AUX está)) (S (participi (ADJ contaminada)) (sp (prep (ADP con)) (sn (grup.nom (NOUN metales) (s.a (grup.a (ADJ pesados))))))))))))))) (PUNCT .))),El Ministerio de Salud no tiene sus instrumentos de cómo va a salir adelante en base a una persona que está contaminada con metales pesados.
0a488be9-4de2-49e8-9e9d-f232009140e9,ab5e4980-b43f-41db-a86e-cea9efcb748a,1,(ROOT (sentence (neg (ADV No)) (sn (grup.nom (PRON lo))) (grup.verb (VERB tiene)) (PUNCT .))),No lo tiene.
c1c3983b-4519-4ff8-85fa-39b145cb02c2,ab5e4980-b43f-41db-a86e-cea9efcb748a,2,(ROOT (sentence (grup.verb (VERB Tengo)) (sn (grup.nom (NOUN problemas) (s.a (grup.a (ADJ articulares))))) (PUNCT .))),Tengo problemas articulares.
a5171c3b-aa22-4f67-a3e5-d114fe970c7b,ab5e4980-b43f-41db-a86e-cea9efcb748a,3,"(ROOT (sentence (S (sn (spec (PRON Lo)) (grup.nom (S (relatiu (PRON que)) (grup.verb (VERB falta))))) (grup.verb (AUX es)) (sn (spec (DET un)) (grup.nom (NOUN servicio) (sp (prep (ADP de)) (sn (grup.nom (NOUN agua) (s.a (grup.a (ADJ potable))))))))) (PUNCT ,) (S (PUNCT ¿) (neg (ADV no)) (PUNCT ?))))","Lo que falta es un servicio de agua potable, ¿no?"
91a7f3bc-3b0e-4936-875e-58b4205e3329,ab5e4980-b43f-41db-a86e-cea9efcb748a,4,"(ROOT (sentence (S (s.a (grup.a (ADJ Limpio))) (PUNCT ,) (grup.a (ADJ puro)) (PUNCT ,)) (conj (CCONJ y)) (S (sadv (grup.adv (ADV nunca))) (grup.verb (AUX he) (VERB tenido)) (sn (grup.nom (NOUN paz)))) (PUNCT .)))","Limpio, puro, y nunca he tenido paz."
0046722e-7a88-462a-82fb-3c2e705c0d3d,ab5e4980-b43f-41db-a86e-cea9efcb748a,5,(ROOT (sentence (sn (spec (DET El)) (grup.nom (NOUN problema))) (grup.verb (AUX es)) (S (conj (SCONJ que)) (sn (spec (DET las)) (grup.nom (NOUN autoridades))) (sadv (grup.adv (ADV nunca))) (grup.verb (AUX han) (VERB querido)) (S (infinitiu (VERB aplicar)) (sp (prep (grup.prep (prep (ADP en)) (sn (grup.nom (NOUN contra))) (prep (ADP de)))) (sn (spec (DET la)) (grup.nom (NOUN minería))))) (S (conj (SCONJ porque)) (S (sn (grup.nom (PRON ellos))) (grup.verb (AUX han) (AUX estado)) (S (sadv (grup.adv (ADV siempre))) (participi (ADJ ligados)) (sp (prep (ADP a)) (sn (spec (DET los)) (grup.nom (NOUN poderes) (sp (prep (ADP de)) (sn (spec (DET ese)) (grup.nom (NOUN tipo))))))))) (conj (CCONJ y)) (S (sadv (grup.adv (ADV obviamente))) (morfema.verbal (PRON se)) (grup.verb (AUX han) (VERB ido)) (sp (prep (ADP con)) (sn (grup.nom (NOUN bolsillos) (s.a (grup.a (ADJ llenos))))))))) (PUNCT .))),El problema es que las autoridades nunca han querido aplicar en contra de la minería porque ellos han estado siempre ligados a los poderes de ese tipo y obviamente se han ido con bolsillos llenos.
f2950d2c-82f8-48ea-8a54-c8939fc27786,ab5e4980-b43f-41db-a86e-cea9efcb748a,6,(ROOT (sentence (sn (sn (spec (DET La)) (grup.nom (NOUN laguna) (sp (prep (ADP de)) (sn (grup.nom (PROPN Quiulacocha)))))) (conj (CCONJ y)) (sn (spec (DET el)) (grup.nom (sp (prep (ADP de)) (sn (grup.nom (PROPN Yanamate))))))) (grup.verb (AUX son)) (sn (grup.nom (NOUN recursos) (S (relatiu (PRON que)) (sp (prep (ADP en)) (sn (spec (DET estos)) (grup.nom (NOUN momentos)))) (grup.verb (AUX ha) (AUX sido) (VERB contaminado)) (sp (prep (grup.prep (NOUN gracias) (ADP a))) (sn (spec (DET la)) (grup.nom (NOUN participación) (sp (prep (ADP de)) (sn (spec (DET la)) (grup.nom (NOUN minería)))))))))) (PUNCT .))),La laguna de Quiulacocha y el de Yanamate son recursos que en estos momentos ha sido contaminado gracias a la participación de la minería.
632a9f35-08ae-4f6e-bd1d-9919bd41641b,cb418ce0-4b1e-4304-b744-4c5fc1302bfb,0,"(ROOT (sentence (S (conj (SCONJ Si)) (grup.verb (VERB hay)) (sn (spec (DET un)) (grup.nom (NOUN sitio) (S (sp (prep (ADP a)) (relatiu (ADV donde))) (grup.verb (AUX podemos) (infinitiu (VERB irnos)))))) (PUNCT ,)) (PUNCT ¿) (sadv (grup.adv (PRON cómo))) (grup.verb (VERB voy) (ADP a) (infinitiu (VERB solventar))) (PUNCT ,) (S (infinitiu (VERB comprar))) (PUNCT ,) (S (infinitiu (VERB ver)) (morfema.pronominal (PRON me)) (sn (spec (DET otra)) (grup.nom (NOUN casa))) (sp (prep (ADP en)) (sn (spec (DET otro)) (grup.nom (NOUN sitio))))) (PUNCT ?)))","Si hay un sitio a donde podemos irnos, ¿cómo voy a solventar, comprar, verme otra casa en otro sitio?"
68d11276-704b-48de-883d-d14bf9994380,cb418ce0-4b1e-4304-b744-4c5fc1302bfb,1,(ROOT (S (sn (grup.nom (PRON Yo))) (sadv (grup.adv (INTJ sí))) (grup.verb (AUX estaría)) (s.a (grup.a (grup.a (ADJ llano)) (conj (CCONJ y)) (grup.a (ADJ listo)))) (sp (prep (ADP para)) (S (infinitiu (AUX poder) (infinitiu (VERB irme))) (S (conj (SCONJ cuando)) (morfema.pronominal (PRON se)) (sn (grup.nom (PRON me))) (grup.verb (VERB dice))))) (PUNCT .))),Yo sí estaría llano y listo para poder irme cuando se me dice.
139cd90f-a28d-49ef-b33a-6eec86a25dbc,bf6a1883-0f44-4128-9e32-7c13cd131113,0,(ROOT (sentence (sadv (grup.adv (ADV Hoy))) (sp (prep (ADP en)) (sn (spec (DET el)) (grup.nom (NOUN día)))) (morfema.pronominal (PRON nos)) (grup.verb (VERB encontramos)) (sn (grup.nom (PRON nosotros))) (S (participi (ADJ contaminados)) (sp (prep (ADP por)) (sn (spec (DET este)) (grup.nom (NOUN cerro) (s.a (grup.a (ADJ artificial))))))) (PUNCT .))),Hoy en el día nos encontramos nosotros contaminados por este cerro artificial.
e65108b5-0575-4435-8e21-6f1f7cf744fb,bf6a1883-0f44-4128-9e32-7c13cd131113,1,"(ROOT (sentence (S (sn (grup.nom (PRON Nos))) (grup.verb (AUX está) (gerundi (VERB matando))) (sn (spec (DET la)) (grup.nom (NOUN minería)))) (PUNCT ,) (S (sadv (spec (ADV más)) (grup.adv (sp (prep (ADP por)) (sn (grup.nom (NOUN ejemplo)))))) (sn (spec (DET esos)) (grup.nom (NOUN restos) (S (relatiu (PRON que)) (grup.verb (AUX están) (gerundi (VERB botando))) (sadv (grup.adv (ADV ahí)))))) (grup.verb (AUX son)) (sn (grup.nom (s.a (grup.a (ADJ tremendos))) (NOUN olores))) (sp (prep (ADP para)) (sn (grup.nom (PRON nosotros))))) (PUNCT .)))","Nos está matando la minería, más por ejemplo esos restos que están botando ahí son tremendos olores para nosotros."
ba9cc18f-42e3-4ca0-b02f-27a76beb4b86,bf6a1883-0f44-4128-9e32-7c13cd131113,2,"(ROOT (sentence (S (sn (spec (DET Este)) (grup.nom (NOUN cerro) (s.a (grup.a (ADJ artificial))))) (sadv (grup.adv (ADV ya))) (grup.verb (AUX es)) (s.a (grup.a (ADJ peor)))) (PUNCT ,) (S (sadv (grup.adv (ADV ya))) (grup.verb (AUX es)) (S (conj (SCONJ que)) (grup.verb (AUX está) (gerundi (VERB viendo))) (sn (spec (DET la)) (grup.nom (NOUN comisión))))) (PUNCT .)))","Este cerro artificial ya es peor, ya es que está viendo la comisión."
43c3c349-8585-4842-aa71-cc6c137ce316,bf6a1883-0f44-4128-9e32-7c13cd131113,3,(ROOT (sentence (S (infinitiu (VERB Llegar)) (sp (prep (ADP a)) (sn (spec (DET esos)) (grup.nom (NOUN pasos))))) (sadv (grup.adv (ADV todavía))) (neg (ADV no)) (grup.verb (AUX puedo) (infinitiu (VERB esperar))) (sn (grup.nom (PRON yo) (S (relatiu (SCONJ que)) (morfema.pronominal (PRON se)) (grup.verb (VERB enferman)) (sn (spec (DET mis)) (grup.nom (NOUN hijos)))))) (PUNCT .))),Llegar a esos pasos todavía no puedo esperar yo que se enferman mis hijos.
832d5670-fa59-440c-adad-5a204669b275,bf6a1883-0f44-4128-9e32-7c13cd131113,4,(ROOT (sentence (S (s.a (grup.a (ADJ Pobre))) (sadv (grup.adv (ADV siquiera)))) (conj (CCONJ pero)) (S (s.a (grup.a (ADJ sano)))) (PUNCT .))),Pobre siquiera pero sano.
993aa925-c17f-41ea-a80a-01474f404983,df54630e-5a8d-4b18-b09c-e1bb6935f195,0,(ROOT (sentence (S (sn (grup.nom (PRON Yo))) (sadv (grup.adv (INTJ sí))) (grup.verb (AUX estaría)) (s.a (grup.a (ADJ llano)))) (conj (CCONJ y)) (S (s.a (grup.a (ADJ listo))) (sp (prep (ADP para)) (S (infinitiu (AUX poder)) (morfema.pronominal (PRON me)) (infinitiu (VERB ir)))) (S (neg (ADV no)) (S (conj (SCONJ cuando)) (morfema.verbal (PRON se)) (sn (grup.nom (PRON me))) (grup.verb (VERB dice))))) (PUNCT .))),Yo sí estaría llano y listo para poderme ir no cuando se me dice.
cd413a41-2bda-4779-a96b-16a62030c119,5d2c820c-ca06-45f8-8c03-aeea6d843fb1,0,"(ROOT (sentence (conj (CCONJ Y)) (sn (grup.nom (PRON usted))) (sn (grup.nom (PRON qué))) (grup.verb (VERB piensa)) (S (S (conj (SCONJ cuando)) (sn (grup.nom (PRON usted))) (sadv (grup.adv (ADV ya))) (neg (ADV no)) (sn (grup.nom (PRON este))) (sadv (grup.adv (ADV aquí)))) (PUNCT ,) (S (sn (grup.nom (PRON quién))) (grup.verb (VERB va) (ADP a) (infinitiu (VERB ver))) (sp (prep (ADP por)) (sn (spec (DET su)) (grup.nom (NOUN hijo)))))) (PUNCT ?)))","Y usted qué piensa cuando usted ya no este aquí, quién va a ver por su hijo?"
56a0187e-c2e0-41f7-ad94-3ba47a2a626a,5d2c820c-ca06-45f8-8c03-aeea6d843fb1,1,(ROOT (sentence (sn (grup.nom (PRON Qué))) (grup.verb (VERB voy) (ADP a) (infinitiu (VERB dejar))) (sadv (grup.adv (ADV también))) (sp (prep (ADP a)) (sn (spec (DET mi)) (grup.nom (NOUN hijo)))) (PUNCT ?))),Qué voy a dejar también a mi hijo?
557d465a-24c1-40f5-9009-a3f2a2d54b74,5d2c820c-ca06-45f8-8c03-aeea6d843fb1,2,(ROOT (sentence (grup.verb (VERB Tendre) (SCONJ que) (infinitiu (VERB terminar))) (sp (prep (grup.prep (ADJ junto) (ADP con))) (sn (spec (DET mi)) (grup.nom (NOUN hijo)))) (PUNCT .))),Tendre que terminar junto con mi hijo.
8f03ecfa-3aab-4db8-ad9f-31e50dba07d6,5d2c820c-ca06-45f8-8c03-aeea6d843fb1,3,(ROOT (sentence (sn (grup.nom (PRON Quién))) (sn (grup.nom (PRON le))) (grup.verb (VERB va) (ADP a) (infinitiu (VERB ver))) (PUNCT ?))),Quién le va a ver?
cea83745-9542-46e8-8e47-1a818ae5163c,5d2c820c-ca06-45f8-8c03-aeea6d843fb1,4,(ROOT (sentence (sadv (grup.adv (ADV Dónde))) (morfema.pronominal (PRON me)) (grup.verb (VERB voy) (ADP a) (infinitiu (VERB ir) (gerundi (VERB dejando)))) (sp (prep (ADP a)) (sn (spec (DET mi)) (grup.nom (NOUN wawa)))) (PUNCT ?))),Dónde me voy a ir dejando a mi wawa?
a792d0b6-e617-466f-bafa-34dcb2e3330d,5d2c820c-ca06-45f8-8c03-aeea6d843fb1,5,(ROOT (sentence (sn (grup.nom (PRON Yo))) (grup.verb (AUX estoy)) (sp (prep (grup.prep (ADJ junto) (ADP con))) (sn (spec (DET mi)) (grup.nom (NOUN hijo)))) (PUNCT .))),Yo estoy junto con mi hijo.
333123d3-bdad-40cb-852d-1e268250be1c,5d2c820c-ca06-45f8-8c03-aeea6d843fb1,6,(ROOT (sentence (sn (grup.nom (PRON Qué))) (sn (grup.nom (PRON le))) (grup.verb (VERB voy) (ADP a) (infinitiu (VERB dejar))) (conj (SCONJ pues)) (PUNCT .))),Qué le voy a dejar pues.
f7982be1-8284-4c01-9af3-937a239dd12a,5d2c820c-ca06-45f8-8c03-aeea6d843fb1,7,(ROOT (sentence (sadv (grup.adv (ADV Dónde))) (grup.verb (VERB voy) (ADP a) (infinitiu (VERB ir))) (PUNCT ?))),Dónde voy a ir?
b083ec4e-02a4-4f8a-a1ec-bca460e47e48,5d2c820c-ca06-45f8-8c03-aeea6d843fb1,8,(ROOT (sentence (S (sadv (grup.adv (CCONJ Ni))) (gerundi (VERB dejando)) (sp (prep (ADP a)) (sn (spec (DET mi)) (grup.nom (NOUN hijo)))) (S (relatiu (PRON que)) (grup.verb (VERB está)) (sadv (grup.adv (ADV ahí))))) (PUNCT .))),Ni dejando a mi hijo que está ahí.
5b82194f-96af-44ac-8f06-9c0d600b2118,5d2c820c-ca06-45f8-8c03-aeea6d843fb1,9,(ROOT (sentence (sadv (grup.adv (ADJ Junto))) (grup.verb (VERB tengo) (SCONJ que) (infinitiu (VERB estar))) (sp (prep (ADP hasta)) (sn (spec (DET el)) (grup.nom (ADJ último) (S (relatiu (PRON que)) (sn (grup.nom (PRON nos))) (grup.verb (VERB lleva)) (sn (spec (DET el)) (grup.nom (PROPN Diosito))))))) (PUNCT .))),Junto tengo que estar hasta el último que nos lleva el Diosito.
d5482f03-d7cb-45e6-9d24-51d5692e2015,5d2c820c-ca06-45f8-8c03-aeea6d843fb1,10,"(ROOT (sentence (sn (grup.nom (PRON Eso))) (PUNCT ,) (sn (grup.nom (PRON quién))) (sn (grup.nom (PRON le))) (grup.verb (VERB va) (ADP a) (infinitiu (VERB ver))) (PUNCT ?)))","Eso, quién le va a ver?"
e926502d-44d8-4536-b555-48ff0f3605ea,5d2c820c-ca06-45f8-8c03-aeea6d843fb1,11,"(ROOT (sentence (S (conj (SCONJ Si)) (neg (ADV no)) (grup.verb (VERB tiene)) (sn (grup.nom (NOUN hermanas))) (PUNCT ,)) (sn (spec (DET un)) (grup.nom (s.a (grup.a (ADJ unico))) (NOUN hijo))) (sadv (grup.adv (ADV no) (ADV más))) (grup.verb (AUX es)) (PUNCT .)))","Si no tiene hermanas, un unico hijo no más es."
92de7a09-7a2e-4149-8b06-7a05d6d2b1ff,5d2c820c-ca06-45f8-8c03-aeea6d843fb1,12,(ROOT (sentence (PUNCT ¿) (sp (prep (ADP Por)) (sn (grup.nom (PRON qué)))) (neg (ADV no)) (grup.verb (VERB tenía)) (sn (spec (ADV más)) (grup.nom (NOUN hijos))) (PUNCT ?))),¿Por qué no tenía más hijos?
d13830c8-042d-4cce-b901-7a87cfc0afdf,5d2c820c-ca06-45f8-8c03-aeea6d843fb1,13,(ROOT (sentence (PUNCT ¿) (sp (prep (ADP Para)) (sn (grup.nom (SCONJ que)))) (grup.verb (VERB van) (ADP a) (infinitiu (VERB tener))) (sn (grup.nom (NOUN hijos))) (PUNCT ?))),¿Para que van a tener hijos?
d01fa74a-6eb3-418c-9b45-c47b3281c6c4,5d2c820c-ca06-45f8-8c03-aeea6d843fb1,14,"(ROOT (sentence (s.a (s.a (spec (ADV Más)) (grup.a (ADJ solteros))) (PUNCT ,) (s.a (grup.a (ADJ joven))) (PUNCT ,) (S (participi (ADJ descuidada))) (S (conj (SCONJ cuando)) (grup.verb (VERB juega)) (sp (prep (ADP a)) (S (infinitiu (VERB casar)) (sadv (grup.adv (ADV así))))))) (PUNCT .)))","Más solteros, joven, descuidada cuando juega a casar así."
c7a29d15-507a-4a8a-b9d7-f7d4989e49a7,5d2c820c-ca06-45f8-8c03-aeea6d843fb1,15,(ROOT (sentence (s.a (spec (ADV Más)) (grup.a (ADJ solteros))) (neg (ADV no)) (grup.verb (VERB tenemos)) (S (sp (prep (ADP por)) (sn (grup.nom (PRON qué)))) (infinitiu (VERB tener)) (sn (grup.nom (NOUN hijos)))) (PUNCT .))),Más solteros no tenemos por qué tener hijos.
c176bd55-7e13-4f75-827b-804f52f6011e,5d2c820c-ca06-45f8-8c03-aeea6d843fb1,16,(ROOT (sentence (grup.verb (VERB Pisamos)) (sp (prep (ADP en)) (sn (spec (DET la)) (grup.nom (NOUN pie)))) (grup.nom (NOUN mamá)) (sp (prep (ADP de)) (sn (grup.nom (NOUN papá)))) (PUNCT .))),Pisamos en la pie mamá de papá.
b88357dc-619c-4a9e-94dc-e15650163171,5d2c820c-ca06-45f8-8c03-aeea6d843fb1,17,(ROOT (S (grup.verb (VERB Tenemos)) (S (conj (SCONJ que)) (sadv (grup.adv (ADV muy)) (grup.a (ADJ reservado))) (sp (prep (ADP de)) (sn (grup.nom (NOUN papá) (sp (prep (ADP de)) (sn (grup.nom (NOUN mamá)))))))) (S (sadv (grup.adv (SCONJ conforme))) (sn (grup.nom (PRON nos))) (grup.verb (AUX ha) (VERB criado)) (S (conj (SCONJ como)) (grup.verb (AUX debe) (infinitiu (AUX ser))))) (PUNCT .))),Tenemos que muy reservado de papá de mamá conforme nos ha criado como debe ser.
82f0c986-b83e-4179-b3d3-23b323aa0398,5d2c820c-ca06-45f8-8c03-aeea6d843fb1,18,(ROOT (sentence (interjeccio (INTJ Bueno)) (S (sn (grup.nom (PRON yo))) (grup.verb (VERB tengo)) (sn (spec (DET muchos) (DET este)) (grup.nom (NOUN artas))) (s.a (grup.a (ADJ paradas))) (sp (prep (ADP para)) (S (infinitiu (VERB tener)) (sn (grup.nom (NOUN ejercicio) (s.a (grup.a (ADJ físico))))))) (PUNCT .)))),Bueno yo tengo muchos este artas paradas para tener ejercicio físico.
2e5aa839-d541-4a41-bef6-e00b3d845564,5d2c820c-ca06-45f8-8c03-aeea6d843fb1,19,"(ROOT (sentence (S (sn (spec (DET una)) (grup.nom (NOUN mañana)))) (PUNCT ,) (S (sp (prep (ADP a)) (sn (spec (DET las)) (grup.nom (NUM cuatro))))) (conj (CCONJ pero)) (S (S (conj (SCONJ cuando)) (sadv (grup.adv (ADV todavía)) (sadv (grup.adv (ADV cerca) (sp (prep (ADP de)) (S (conj (SCONJ que)) (grup.verb (VERB voy) (ADP a) (infinitiu (VERB maratonear)))))))) (grup.verb (VERB corro)) (sn (grup.nom (NOUN maratón)))) (grup.verb (VERB hago)) (sn (grup.nom (NOUN ejercicio) (s.a (grup.a (ADJ físico))))) (sp (PUNCT ,) (prep (ADP a)) (sn (sn (spec (DET las)) (grup.nom (NUM cuatro))) (conj (CCONJ o)) (sn (spec (DET las)) (grup.nom (NUM cinco) (sp (prep (ADP de)) (sn (spec (DET la)) (grup.nom (NOUN mañana))))))))) (PUNCT .)))","una mañana, a las cuatro pero cuando todavía cerca de que voy a maratonear corro maratón hago ejercicio físico, a las cuatro o las cinco de la mañana."
7d771c8f-f813-411f-b6f2-fe7f21b58c1e,5d2c820c-ca06-45f8-8c03-aeea6d843fb1,20,"(ROOT (sentence (conj (CCONJ Y)) (S (sadv (grup.adv (ADV ya))) (grup.verb (VERB tengo)) (sn (grup.nom (NUM 99)))) (neg (ADV No)) (PUNCT ,) (S (s.a (spec (ADV muy)) (grup.a (ADJ liviano)))) (conj (CCONJ Y)) (S (sadv (grup.adv (PRON cómo))) (morfema.pronominal (PRON se)) (grup.verb (VERB mantiene)) (sadv (grup.adv (ADV así)))) (PUNCT ?)))","Y ya tengo 99 No, muy liviano Y cómo se mantiene así?"
336cf393-ee47-4bc9-9b1f-2b3905ef9d48,5d2c820c-ca06-45f8-8c03-aeea6d843fb1,21,"(ROOT (sentence (sn (grup.nom (PRON Yo))) (morfema.pronominal (PRON me)) (grup.verb (VERB mantengo)) (sadv (grup.adv (ADV así))) (PUNCT ,) (S (S (conj (SCONJ como)) (grup.verb (AUX debe) (infinitiu (AUX ser))) (sn (grup.nom (PROPN Diosito)))) (sn (grup.nom (PRON me))) (grup.verb (VERB da)) (sn (grup.nom (grup.nom (NOUN vida)) (conj (CCONJ y)) (grup.nom (NOUN salud))))) (PUNCT .)))","Yo me mantengo así, como debe ser Diosito me da vida y salud."
2be0c2b9-529c-4e5e-ad23-d7a1ed466ef1,5d2c820c-ca06-45f8-8c03-aeea6d843fb1,22,"(ROOT (sentence (morfema.pronominal (PRON Me)) (grup.nom (NOUN alimentación)) (sp (sp (prep (ADP a)) (sn (grup.nom (NOUN fruta)))) (PUNCT ,) (grup.nom (NOUN sopa) (sp (prep (ADP de)) (sn (grup.nom (NOUN verduras))))) (PUNCT ,) (grup.nom (NOUN aguisado) (sp (prep (ADP con)) (sn (grup.nom (NOUN tomates))))) (PUNCT ,) (sn (grup.nom (NOUN verduras))) (PUNCT ,) (sn (grup.nom (NOUN habas) (s.a (grup.a (ADJ verdes))))) (PUNCT ,) (sn (sn (grup.nom (NOUN albergones))) (conj (CCONJ y)) (sn (spec (DET todo)) (grup.nom (PRON eso)))) (conj (CCONJ y)) (sp (prep (ADP con)) (sn (grup.nom (NOUN aceite)))) (PUNCT ,) (sn (spec (ADV menos)) (grup.nom (NOUN ají)))) (PUNCT .)))","Me alimentación a fruta, sopa de verduras, aguisado con tomates, verduras, habas verdes, albergones y todo eso y con aceite, menos ají."
76cc8e9f-c164-4a09-803d-3ec2f07a4f25,5d2c820c-ca06-45f8-8c03-aeea6d843fb1,23,(ROOT (sentence (neg (ADV No)) (grup.verb (VERB comemos)) (sn (grup.nom (NOUN ají)) (sadv (grup.adv (ADV tampoco)))) (PUNCT .))),No comemos ají tampoco.
67acc06f-13f9-4fc7-b946-8105a43540cc,5d2c820c-ca06-45f8-8c03-aeea6d843fb1,24,"(ROOT (sentence (S (sadv (grup.adv (ADV Bien))) (grup.verb (VERB agilita))) (PUNCT ,) (S (grup.verb (VERB llego)) (s.a (grup.adv (ADJ tranquila))) (S (PUNCT ,) (conj (SCONJ aunque)) (morfema.pronominal (PRON me)) (grup.verb (VERB moja)) (sn (grup.nom (NOUN lluvia))) (PUNCT ,))) (S (grup.verb (VERB llego)) (s.a (grup.a (ADJ tranquilita))) (sp (prep (ADP a)) (sn (spec (DET el)) (grup.nom (PROPN Cerro) (sp (prep (ADP de)) (sn (grup.nom (PROPN Pasco))))))))))","Bien agilita, llego tranquila, aunque me moja lluvia, llego tranquilita al Cerro de Pasco"
5e4b4796-3ca5-40b4-8c27-c78abf343cc2,14d64691-96b3-426c-a6a5-78aa35c42e6f,0,"(ROOT (sentence (S (sadv (grup.adv (ADV Anteriormente))) (grup.verb (AUX era)) (sn (spec (DET la)) (grup.nom (NOUN puerta) (sp (prep (ADP de)) (sadv (grup.adv (ADV acá) (sp (prep (ADP de)) (sn (spec (DET el)) (grup.nom (NOUN colegio)))))))))) (PUNCT ,) (S (sadv (grup.adv (ADV más) (ADV antes))) (S (S (S (S (neg (ADV no)) (grup.verb (VERB había)) (sadv (grup.adv (ADV ahora))) (sn (spec (DET el)) (grup.nom (s.a (grup.a (ADJ actual))) (NOUN colegio))) (PUNCT ,)) (conj (CCONJ sino)) (S (S (sadv (grup.adv (ADV acá))) (grup.verb (AUX era)) (sn (spec (DET una)) (grup.nom (NOUN entrada) (sp (prep (ADP para)) (S (infinitiu (VERB ir)) (sp (prep (ADP a)) (sn (spec (DET el)) (grup.nom (NOUN colegio))))))))) (conj (CCONJ y)) (S (S (sn (spec (DET ese)) (grup.nom (NOUN consejo) (sp (prep (ADP de)) (sadv (grup.adv (ADV allá)))))) (grup.verb (AUX era)) (sn (spec (DET el)) (grup.nom (NOUN colegio)))) (PUNCT ,) (S (grup.verb (AUX era)) (sp (prep (ADP con)) (sn (sn (grup.nom (NOUN adobes))) (sn (PUNCT ,) (grup.nom (sadv (grup.adv (ADV así))) (sn (grup.nom (NOUN cosas) (sn (grup.nom (PRON nada) (sadv (grup.adv (ADV más))))))))))))))) (PUNCT ,)) (conj (CCONJ y)) (S (sp (prep (ADP por)) (sn (grup.nom (PRON eso)))) (sn (grup.nom (PRON esto))) (grup.verb (VERB quedó)) (sp (prep (SCONJ como)) (sn (spec (DET un)) (grup.nom (NOUN recuerdo)))) (sadv (grup.adv (ADV ya)))))) (PUNCT .)))","Anteriormente era la puerta de acá del colegio, más antes no había ahora el actual colegio, sino acá era una entrada para ir al colegio y ese consejo de allá era el colegio, era con adobes, así cosas nada más, y por eso esto quedó como un recuerdo ya."
0a586e38-4e21-4b87-a61d-4ac7cf1a4144,981be910-0b4f-4656-8c90-9a2f71865714,0,"(ROOT (sentence (S (conj (SCONJ Si)) (neg (ADV no)) (grup.verb (AUX hubieras) (VERB nacido)) (sp (prep (ADP con)) (sn (spec (DET esta)) (grup.nom (NOUN deficiencia) (sp (prep (ADP de)) (S (neg (ADV no)) (infinitiu (AUX poder) (infinitiu (VERB ver)))))))) (PUNCT ,)) (PUNCT ¿) (sn (grup.nom (PRON qué))) (sn (grup.nom (PRON te))) (grup.verb (AUX hubiera) (VERB gustado)) (S (infinitiu (AUX ser))) (PUNCT ?)))","Si no hubieras nacido con esta deficiencia de no poder ver, ¿qué te hubiera gustado ser?"
c44a8a48-39d3-4737-af2f-3d1f791ac059,981be910-0b4f-4656-8c90-9a2f71865714,1,(ROOT (sentence (interjeccio (VERB Ahorita)) (sadv (grup.adv (ADV ahorita))) (sp (prep (ADP a)) (sn (grup.nom (PRON mi)))) (sn (grup.nom (PRON me))) (grup.verb (AUX hubiera) (VERB gustado)) (S (infinitiu (AUX ser)) (sn (grup.nom (PRON algo) (sp (prep (ADP por)) (sn (spec (DET la)) (grup.nom (NOUN vida))))))) (PUNCT .))),Ahorita ahorita a mi me hubiera gustado ser algo por la vida.
db85e970-3e23-4c97-9451-49a713352bea,981be910-0b4f-4656-8c90-9a2f71865714,2,"(ROOT (sentence (sn (grup.nom (PRON Yo))) (S (conj (SCONJ si)) (grup.verb (AUX hubiera) (VERB estudiado)) (PUNCT ,)) (grup.verb (AUX hubiera) (VERB estudiado)) (sp (prep (ADP para)) (S (infinitiu (AUX ser)) (sn (sn (spec (DET un)) (grup.nom (NOUN arquitecto))) (conj (CCONJ o)) (sn (spec (DET un)) (grup.nom (NOUN ingeniero)))))) (PUNCT .)))","Yo si hubiera estudiado, hubiera estudiado para ser un arquitecto o un ingeniero."
78301061-0561-4ed6-b210-a9ccef6d7227,981be910-0b4f-4656-8c90-9a2f71865714,3,"(ROOT (sentence (conj (CCONJ O)) (sn (grup.nom (PRON me))) (grup.verb (AUX hubiera) (VERB gustado)) (S (infinitiu (VERB tener)) (sn (PUNCT ,) (grup.nom (PRON este)) (PUNCT ,)) (sn (spec (DET un)) (grup.nom (NOUN taller)))) (PUNCT .)))","O me hubiera gustado tener, este, un taller."
4973ff28-b607-445f-b462-66051534bc5d,981be910-0b4f-4656-8c90-9a2f71865714,4,(ROOT (sentence (conj (CCONJ O)) (S (infinitiu (AUX haber) (VERB estudiado)) (sp (prep (ADP para)) (sn (grup.nom (NOUN mecánica) (ADJ automotriz))))) (PUNCT .))),O haber estudiado para mecánica automotriz.
977cbbaa-95a1-493e-bba7-65ad30b28b75,981be910-0b4f-4656-8c90-9a2f71865714,5,(ROOT (sentence (PUNCT ¿) (sn (grup.nom (PRON Te))) (grup.verb (VERB gusta)) (sn (spec (DET la)) (grup.nom (NOUN mecánica))) (PUNCT ?))),¿Te gusta la mecánica?
79f3bcc9-ad1b-4caf-844d-5070a7f5a857,981be910-0b4f-4656-8c90-9a2f71865714,6,(ROOT (sentence (sadv (grup.adv (INTJ Sí))) (PUNCT .))),Sí.
c9f4670e-588d-4f3e-8968-08ec4d8311db,981be910-0b4f-4656-8c90-9a2f71865714,7,(ROOT (sentence (PUNCT ¿) (sn (spec (DET Qué)) (grup.nom (NOUN recuerdos))) (grup.verb (VERB tuviste)) (sp (prep (ADP en)) (sn (spec (DET esta)) (grup.nom (NOUN vida)))) (PUNCT ?))),¿Qué recuerdos tuviste en esta vida?
3a7b7dba-5fa9-4229-95e8-dec821e81666,981be910-0b4f-4656-8c90-9a2f71865714,8,(ROOT (sentence (sp (prep (ADP En)) (sn (spec (DET esta)) (grup.nom (NOUN vida) (S (relatiu (PRON que)) (sn (grup.nom (PRON yo))) (grup.verb (VERB tuve)) (sn (spec (PRON lo)) (grup.nom (s.a (spec (ADV más)) (grup.a (ADJ triste))))))))) (grup.verb (AUX ha) (AUX sido)) (S (conj (SCONJ cuando)) (sn (grup.nom (PRON yo))) (morfema.pronominal (PRON me)) (grup.verb (VERB encontraba)) (s.a (grup.a (ADJ enfermo)))) (PUNCT .))),En esta vida que yo tuve lo más triste ha sido cuando yo me encontraba enfermo.
20701b2c-8fe2-4c47-8a32-03a1673dc1f9,981be910-0b4f-4656-8c90-9a2f71865714,9,"(ROOT (sentence (sn (spec (NUM Dos)) (grup.nom (NOUN años))) (sp (PUNCT ,) (prep (ADP en)) (sn (spec (DET el)) (grup.w (NOUN año) (NUM 2006) (PUNCT ,) (NOUN 2008)))) (PUNCT .)))","Dos años, en el año 2006, 2008."
a27aa066-dc77-425f-8ab1-8dd4e24f5738,981be910-0b4f-4656-8c90-9a2f71865714,10,(ROOT (sentence (sn (grup.nom (PRON Yo))) (grup.verb (VERB tenía)) (sn (grup.nom (NOUN problemas) (sp (prep (ADP de)) (sn (spec (DET los)) (grup.nom (NOUN cálculos)))) (sp (prep (ADP en)) (sn (spec (DET la)) (grup.nom (NOUN vesícula)))))) (PUNCT .))),Yo tenía problemas de los cálculos en la vesícula.
0b7ac8e2-96ba-4d1d-8755-374ff0bf6a28,981be910-0b4f-4656-8c90-9a2f71865714,11,(ROOT (sentence (morfema.pronominal (PRON Te)) (grup.verb (AUX habías) (VERB emfermado)) (sp (prep (ADP de)) (sn (spec (DET los)) (grup.nom (NOUN cálculos)))) (PUNCT ?))),Te habías emfermado de los cálculos?
9f3b56df-6b45-4c4e-919d-e450ed869edf,981be910-0b4f-4656-8c90-9a2f71865714,12,"(ROOT (sentence (S (sadv (grup.adv (INTJ Sí)))) (PUNCT ,) (S (sp (prep (ADP de)) (sn (grup.nom (NOUN cálculos)))) (sn (grup.nom (PRON yo))) (morfema.pronominal (PRON me)) (grup.verb (VERB enfermaba))) (PUNCT .)))","Sí, de cálculos yo me enfermaba."
2dbf99bf-d309-4bde-8b47-ddd478959729,981be910-0b4f-4656-8c90-9a2f71865714,13,(ROOT (sentence (S (sn (grup.nom (PRON Yo))) (grup.verb (VERB tenía)) (sn (grup.nom (NOUN cálculos)))) (conj (CCONJ pero)) (S (sadv (grup.adv (ADV ya))) (sn (grup.nom (PRON yo))) (grup.verb (AUX he) (VERB sentido)) (sn (spec (DET esos)) (grup.nom (NOUN síntomas) (sp (prep (ADP de)) (sn (spec (DET los)) (grup.nom (NOUN cálculos)))))) (sp (prep (ADP desde)) (sn (spec (DET el)) (grup.w (NOUN año) (NUM 1994))))) (PUNCT .))),Yo tenía cálculos pero ya yo he sentido esos síntomas de los cálculos desde el año 1994.
1b84aa0e-74ed-49cc-8c15-72d1a5b1b231,981be910-0b4f-4656-8c90-9a2f71865714,14,"(ROOT (sentence (conj (CCONJ Y)) (sp (prep (ADP en)) (sn (grup.nom (PRON eso)))) (sn (grup.nom (PRON yo))) (grup.verb (VERB trataba) (ADP de) (infinitiu (VERB hacer) (sn (grup.nom (PRON lo))) (infinitiu (VERB calmar)))) (sp (prep (ADP con)) (sn (grup.nom (grup.nom (NOUN remedios)) (PUNCT ,) (grup.nom (NOUN medicinas)) (PUNCT ,) (grup.nom (NOUN farmacéuticos)) (PUNCT ,) (grup.nom (NOUN medicinas) (s.a (grup.a (ADJ naturales)))) (PUNCT ,) (grup.nom (NOUN hierbas)) (PUNCT ,) (grup.nom (NOUN plantas))))) (PUNCT .)))","Y en eso yo trataba de hacerlo calmar con remedios, medicinas, farmacéuticos, medicinas naturales, hierbas, plantas."
823001e1-f5d7-4817-82e6-30895960ab5e,981be910-0b4f-4656-8c90-9a2f71865714,15,(ROOT (sentence (sn (grup.nom (PRON Me))) (grup.verb (VERB dijeron)) (S (S (conj (SCONJ que)) (sn (grup.nom (PRON eso))) (grup.verb (AUX es)) (s.a (grup.a (ADJ bueno)))) (S (sn (grup.nom (PRON eso))) (grup.verb (AUX es)) (s.a (grup.a (ADJ bueni))))) (PUNCT .))),Me dijeron que eso es bueno eso es bueni.
73ffc606-e4aa-4bf6-8b0e-b5995b5dd7fa,981be910-0b4f-4656-8c90-9a2f71865714,16,"(ROOT (sentence (conj (CCONJ Y)) (sadv (grup.adv (sp (prep (ADP a)) (sn (spec (DET el)) (grup.nom (NOUN final)))))) (sn (spec (DET un)) (grup.nom (NOUN día))) (sn (grup.nom (PRON me))) (grup.verb (VERB dieron)) (sn (spec (DET los)) (grup.nom (NOUN cólicos))) (sp (prep (ADP en)) (sn (spec (DET el)) (grup.nom (NOUN 2006) (sn (PUNCT ,) (spec (DET el)) (grup.w (NUM 28) (sp (prep (ADP de)) (sn (grup.nom (NOUN septiembre))))))))) (PUNCT .)))","Y al final un día me dieron los cólicos en el 2006, el 28 de septiembre."
c8d25b6d-db05-42d2-925f-b8b5e6d4af83,981be910-0b4f-4656-8c90-9a2f71865714,17,(ROOT (sentence (conj (CCONJ Y)) (sadv (grup.adv (ADV ahí))) (sadv (grup.adv (ADV ya))) (neg (ADV no)) (grup.verb (VERB calmo)) (PUNCT .))),Y ahí ya no calmo.
2a9de76c-bf3a-4083-8290-c6007fd532a7,981be910-0b4f-4656-8c90-9a2f71865714,18,(ROOT (sentence (PUNCT ¿) (sadv (grup.adv (PRON Cómo))) (sn (grup.nom (PRON te))) (grup.verb (VERB recuperaste)) (PUNCT ?))),¿Cómo te recuperaste?
4a0a9121-ad10-43e6-9a84-da5aadccca5f,981be910-0b4f-4656-8c90-9a2f71865714,19,"(ROOT (sentence (S (sp (prep (ADP A)) (sn (spec (DET el)) (grup.nom (NOUN final)))) (sn (grup.nom (PRON me))) (grup.verb (AUX han) (VERB llevado)) (sn (spec (DET mi)) (grup.nom (NOUN mamá))) (sp (prep (ADP a)) (sn (spec (DET el)) (grup.nom (NOUN hospital))))) (conj (CCONJ y)) (S (sn (spec (DET el)) (grup.nom (NOUN doctor))) (grup.verb (VERB dijo)) (S (S (neg (ADV no))) (PUNCT ,) (S (sadv (grup.adv (ADV solamente))) (grup.verb (VERB hay)) (sn (spec (DET un)) (grup.nom (NOUN cuadro)))) (PUNCT ,) (S (grup.verb (VERB necesito)) (sn (spec (DET una)) (grup.nom (NOUN ecografía)))))) (PUNCT .)))","Al final me han llevado mi mamá al hospital y el doctor dijo no, solamente hay un cuadro, necesito una ecografía."
9124e3af-9a08-4b7c-9c97-599bbe57f470,981be910-0b4f-4656-8c90-9a2f71865714,20,(ROOT (sentence (sn (grup.nom (PRON Me))) (grup.verb (VERB operaron)) (sp (prep (ADP en)) (sn (grup.nom (NOUN 2007)))) (PUNCT .))),Me operaron en 2007.
b7784232-dbea-4c3a-a203-f968c73699ca,981be910-0b4f-4656-8c90-9a2f71865714,21,(ROOT (sentence (neg (ADV No)) (grup.verb (VERB teníamos)) (sn (grup.nom (NOUN recursos))) (conj (SCONJ pues)) (PUNCT .))),No teníamos recursos pues.
66fbe643-72fd-40dc-a78b-769def24778e,981be910-0b4f-4656-8c90-9a2f71865714,22,(ROOT (sentence (neg (ADV No)) (grup.verb (VERB teníamos)) (sn (grup.nom (NOUN posibilidades))) (PUNCT .))),No teníamos posibilidades.
bca2d5c4-3862-47a1-a968-cd9bf13f0f67,981be910-0b4f-4656-8c90-9a2f71865714,23,(ROOT (sentence (conj (CCONJ Y)) (S (sn (grup.nom (PRON me))) (grup.verb (VERB operaron))) (conj (CCONJ y)) (S (grup.verb (VERB seguía)) (sn (spec (DET los)) (grup.nom (NOUN cólicos)))) (PUNCT .))),Y me operaron y seguía los cólicos.
01338376-0efe-4c89-9b8c-0985b4565eea,981be910-0b4f-4656-8c90-9a2f71865714,24,(ROOT (sentence (grup.verb (VERB Seguía)) (sp (prep (ADP a)) (sn (spec (DET los)) (grup.nom (NOUN cólicos)))) (PUNCT .))),Seguía a los cólicos.
85846257-930c-43f4-a622-3b543fa2bf24,981be910-0b4f-4656-8c90-9a2f71865714,25,"(ROOT (sentence (S (sp (prep (ADP A)) (sn (spec (DET el)) (grup.nom (NOUN mes)))) (morfema.pronominal (PRON me)) (grup.verb (VERB repetió)) (PUNCT ,) (sn (grup.nom (NOUN vuelta)))) (conj (CCONJ y)) (S (morfema.pronominal (PRON se)) (grup.verb (VERB calmaron))) (PUNCT .)))","Al mes me repetió, vuelta y se calmaron."
3abda3c8-e20a-4db5-9900-0ebee96ec9dc,981be910-0b4f-4656-8c90-9a2f71865714,26,"(ROOT (sentence (S (sn (grup.nom (NOUN Vuelta)) (PUNCT ,)) (sn (grup.nom (NOUN día) (sp (prep (ADP en)) (sn (grup.nom (NOUN pasco)))))) (sn (grup.nom (PRON me))) (grup.verb (VERB dio)) (sn (spec (DET un)) (grup.nom (NOUN cólico))) (sn (spec (DET el)) (grup.w (NUM 4) (sp (prep (ADP de)) (sn (grup.nom (NOUN octubre) (sp (prep (ADP de)) (sn (grup.nom (NUM 2008)))))))))) (PUNCT ,) (S (neg (ADV no)) (grup.verb (VERB teníamos)) (sn (grup.nom (NOUN posibilidades)))) (PUNCT .)))","Vuelta, día en pasco me dio un cólico el 4 de octubre de 2008, no teníamos posibilidades."
c4a53e2b-d765-472f-960a-feeef64bff88,9a16f948-f33e-4174-80da-733d97683eae,0,(ROOT (sentence (S (sn (grup.nom (PRON Te))) (grup.verb (VERB imaginas)) (S (infinitiu (VERB encontrar)) (sn (spec (DET las)) (grup.nom (s.a (grup.a (ADJ mejores))) (NOUN marcas) (s.a (grup.a (ADJ americanas))))) (sp (prep (ADP en)) (sn (spec (DET un)) (grup.nom (s.a (grup.a (ADJ solo))) (NOUN lugar))))) (PUNCT ?)) (conj (CCONJ y)) (S (grup.verb (AUX es)) (S (conj (SCONJ que)) (sn (grup.nom (PRON te))) (grup.verb (VERB paso)) (S (S (sn (sn (spec (DET este)) (grup.nom (s.a (grup.a (ADJ super))) (NOUN datazo))) (sn (grup.nom (PROPN Leni) (PROPN Fashion) (PROPN Store)))) (grup.verb (VERB cuenta)) (sp (prep (ADP con)) (sn (spec (DET una)) (grup.nom (NOUN tienda) (s.a (grup.a (ADJ física)))))) (sp (prep (ADP en)) (sn (spec (DET el)) (grup.nom (NOUN distrito) (sp (prep (ADP de)) (sn (grup.nom (PROPN Surquillo)))))))) (conj (CCONJ y)) (S (grup.verb (VERB cuenta)) (sp (prep (ADP con)) (sn (spec (DET las)) (grup.nom (s.a (grup.a (ADJ mejores))) (NOUN marcas) (s.a (grup.a (ADJ americanas))) (S (participi (ADJ traidas)) (sadv (grup.adv (ADV directamente))) (sp (prep (ADP desde)) (sn (grup.nom (PROPN Estados) (PROPN Unidos)))))))))))) (PUNCT .))),Te imaginas encontrar las mejores marcas americanas en un solo lugar? y es que te paso este super datazo Leni Fashion Store cuenta con una tienda física en el distrito de Surquillo y cuenta con las mejores marcas americanas traidas directamente desde Estados Unidos.
e6eb8a3f-b470-4f38-ba17-781c5888b600,9a16f948-f33e-4174-80da-733d97683eae,1,"(ROOT (sentence (conj (CCONJ Y)) (S (sadv (grup.adv (ADV también))) (grup.verb (AUX ha) (VERB llegado)) (sn (spec (DET una)) (grup.nom (s.a (grup.a (ADJ gran))) (NOUN colección) (sp (prep (ADP de)) (sn (grup.nom (NOUN verano)))) (sp (prep (ADP desde)) (sn (sn (grup.nom (NOUN bolsos))) (PUNCT ,) (sn (grup.nom (NOUN playeros))) (PUNCT ,) (sn (grup.nom (NOUN toallitas))) (conj (CCONJ y)) (sn (spec (DET una)) (grup.nom (s.a (grup.a (ADJ gran))) (NOUN colección) (sp (sadv (grup.adv (ADV también))) (sp (prep (ADP de)) (sn (grup.nom (NOUN ropa) (sp (prep (ADP de)) (sn (grup.nom (NOUN baño)))) (sp (prep (SCONJ como)) (sn (grup.nom (grup.nom (NOUN bikinis)) (conj (CCONJ y)) (grup.nom (NOUN trikinis)))))))))))))))) (grup.verb (AUX es)) (sn (spec (DET una)) (grup.nom (s.a (grup.a (ADJ gran))) (NOUN variedad) (sp (prep (ADP de)) (sn (grup.nom (grup.nom (NOUN tallas)) (PUNCT ,) (grup.nom (NOUN modelos)) (PUNCT ,) (grup.nom (NOUN colores)) (conj (CCONJ y)) (grup.nom (NOUN texturas))))))) (PUNCT .)))","Y también ha llegado una gran colección de verano desde bolsos, playeros, toallitas y una gran colección también de ropa de baño como bikinis y trikinis es una gran variedad de tallas, modelos, colores y texturas."
e13ab0b4-88a7-453a-8d53-b453c055fef8,9a16f948-f33e-4174-80da-733d97683eae,2,"(ROOT (sentence (S (S (conj (CCONJ Y)) (sn (grup.nom (PRON lo))) (grup.verb (AUX puedes) (infinitiu (VERB complementar))) (sadv (grup.adv (ADV también))) (sp (prep (ADP con)) (sn (spec (DET la)) (grup.nom (s.a (grup.a (ADJ gran))) (NOUN variedad) (sp (prep (ADP de)) (sn (grup.nom (grup.nom (grup.nom (NOUN carteras)) (conj (CCONJ y)) (grup.nom (NOUN bolsos))) (S (relatiu (PRON que)) (grup.verb (VERB cuentan))))))))) (sn (spec (DET cada)) (grup.nom (PRON uno) (sp (prep (ADP de)) (sn (spec (DET estos)) (grup.nom (NOUN productos))))))) (grup.verb (AUX es)) (s.a (spec (ADV completamente)) (grup.a (ADJ único)))) (conj (CCONJ y)) (S (grup.verb (AUX es)) (S (conj (SCONJ que)) (sp (prep (ADP en)) (sn (grup.nom (NOUN tiendas)))) (grup.verb (VERB vas) (ADP a) (infinitiu (AUX poder) (infinitiu (VERB conseguir)))) (sn (spec (DET los)) (grup.nom (s.a (grup.a (ADJ mejores))) (NOUN modelos) (sp (prep (ADP de)) (sn (sn (grup.nom (NOUN morrales))) (PUNCT ,) (sn (grup.nom (NOUN carteras))) (PUNCT ,) (sn (grup.nom (NOUN bolsos) (sp (prep (ADP de)) (sn (grup.nom (NOUN fiesta)))))) (PUNCT ,) (sn (grup.nom (NOUN mochilas))) (PUNCT ,) (sn (grup.nom (NOUN billeteras))) (PUNCT ,) (sn (grup.nom (NOUN canguro))) (conj (CCONJ y)) (sn (sadv (grup.adv (ADV también))) (sn (spec (DET una)) (grup.nom (s.a (grup.a (ADJ gran))) (NOUN variedad) (sp (prep (ADP de)) (sn (grup.nom (NOUN ropa) (sp (conj (ADV tanto)) (sp (prep (ADP para)) (sn (grup.nom (NOUN hombre)))) (conj (SCONJ como)) (sp (prep (ADP para)) (sn (grup.nom (grup.nom (NOUN mujer) (sp (prep (ADP desde)) (sn (grup.nom (NOUN polos))))) (PUNCT ,) (grup.nom (NOUN blazer)) (PUNCT ,) (grup.nom (NOUN vestidos)) (PUNCT ,) (grup.nom (NOUN bucitos)) (PUNCT ,) (grup.nom (NOUN pantalonetas)) (PUNCT ,) (grup.nom (NOUN casacas) (sp (prep (ADP con)) (sn (spec (DET tus)) (grup.nom (NOUN personajes) (s.a (grup.a (ADJ favoritos))))))))))))))))))))) (conj (CCONJ y)) (S (sn (grup.nom (PRON lo))) (grup.verb (VERB vas) (ADP a) (infinitiu (AUX poder) (infinitiu (VERB complementar)))) (sadv (grup.adv (ADV también))) (sp (prep (ADP con)) (sn (grup.nom (NOUN maquillaje)))) (sn (spec (DET una)) (grup.nom (s.a (grup.a (ADJ gran))) (NOUN variedad) (sp (prep (ADP de)) (sn (sn (grup.nom (NOUN joyerías))) (PUNCT ,) (sn (grup.nom (NOUN relojes))) (conj (CCONJ y)) (sadv (spec (ADV muchísimo)) (grup.adv (ADV más) (sadv (grup.adv (ADV así) (S (conj (SCONJ que)) (S (S (S (conj (SCONJ si)) (sn (grup.nom (PRON te))) (grup.verb (VERB gustó)) (sn (spec (DET esta)) (grup.nom (NOUN datazo)))) (PUNCT ,) (S (infinitiu (VERB recordar))) (INTJ dale) (sn (grup.nom (NOUN like)))) (conj (CCONJ y)) (S (infinitiu (VERB compartir)))))))))))))))) (PUNCT .)))","Y lo puedes complementar también con la gran variedad de carteras y bolsos que cuentan cada uno de estos productos es completamente único y es que en tiendas vas a poder conseguir los mejores modelos de morrales, carteras, bolsos de fiesta, mochilas, billeteras, canguro y también una gran variedad de ropa tanto para hombre como para mujer desde polos, blazer, vestidos, bucitos, pantalonetas, casacas con tus personajes favoritos y lo vas a poder complementar también con maquillaje una gran variedad de joyerías, relojes y muchísimo más así que si te gustó esta datazo, recordar dale like y compartir."
